Eje,Objetivo estratégico,Objetivo,Descripción del objetivo,Meta,Estado,Fuente,Tipo de medición,Indicador,Unidad,Valor a alcanzar,Valor actual,Frecuencia,Fórmula,Dirección,Naturaleza,Semántica,Periodicidad,Año de inicio,Mes de inicio,Cantidad de períodos,Meta P1,Meta P2,Meta P3,Meta P4,Meta P5,Meta P6
"Integridad, Transparencia Y Gobierno Abierto","Afianzar una cultura de la integridad y la transparencia en el MISP, sus empresas, entes y organismos","Asegurar el conocimiento y la adhesión formal al Código de Ética del MISP",,"Agentes que firmaron la adhesión al Código de Ética","En progreso","Dirección de Recursos Humanos","Valor acumulado","Adhesiones firmadas","agentes",1200,340,"Mensual",,,,,,,,,,,,,,
,,,,"Difusión del Código de Ética en todas las dependencias","En progreso",,"Sin indicador numérico",,,,,,,,,,,,,,,,,,,
,,"Impulsar la formación continua e integral en Integridad, Transparencia y Gobierno Abierto",,"Personas capacitadas en integridad","En progreso","Campus virtual","Por períodos","Personas capacitadas","personas",,,,,"Mayor es mejor","Suma","Incremental","Trimestral",2026,1,4,50,80,80,90,,
,"Garantizar y promover el derecho de acceso a la información pública del MISP, sus empresas, entes y organismos","Optimizar la gestión de solicitudes de información",,"Plazo de respuesta a solicitudes de acceso a la información","En progreso","Sistema de gestión de expedientes","Por períodos","Días hábiles promedio de respuesta","días",,,,"Suma de días hábiles de respuesta / solicitudes respondidas en el período","Menor es mejor","Promedio","Incremental","Trimestral",2026,1,4,15,15,12,10,,
,,"Publicar información con datos abiertos",,"Datasets publicados en el portal de datos abiertos","No cumplida","Portal de datos abiertos","Valor acumulado","Datasets publicados","datasets",40,12,"Trimestral",,,,,,,,,,,,,,
"Desarrollo Sostenible","Impulsar políticas de acción climática desde una perspectiva integral","Mejorar la eficiencia energética del ministerio mediante el uso de recursos tecnológicos sostenibles",,"Consumo eléctrico de los edificios centrales","En progreso","Facturas de energía","Por períodos","Consumo eléctrico del semestre","kWh",,,,,"Menor es mejor","Suma","Incremental","Semestral",2026,1,2,180000,170000,,,,
,,,,"Reducción del consumo energético respecto de 2025","En progreso","Facturas de energía","Por períodos","Reducción acumulada del consumo","%",,,,,"Mayor es mejor","Suma","Nivel acumulado","Anual",2026,1,2,5,10,,,,
"Innovación Y Transformación Digital","Potenciar la innovación y la transformación digital mediante la implementación de una estrategia integral de gobernanza de datos","Establecer políticas y procedimientos para garantizar la calidad y consistencia de los datos en el MISP, sus empresas, entes y organismos",,"Política de gobernanza de datos aprobada","Inactiva",,"Sin indicador numérico",,,,,,,,,,,,,,,,,,,
,,,,"Conjuntos de datos con responsable y diccionario definidos","En progreso","Inventario de datos","Valor acumulado","Conjuntos de datos documentados","conjuntos",60,,"Trimestral",,,,,,,,,,,,,,
"Planeamiento, Monitoreo Y Evaluación","Consolidar el Monitoreo y la Evaluación como herramienta de seguimiento de la gestión por resultados","Garantizar el monitoreo de los planes operativos de los ejes del PFI",,"Planes operativos con reporte trimestral en término","En progreso","Plataforma Partícipes","Por períodos","Planes con reporte en término","%",,,,"Planes con reporte cargado antes del cierre / planes operativos vigentes","Mayor es mejor","Promedio","Incremental","Trimestral",2026,1,4,60,70,80,90,,
,,"Publicar un informe anual de resultados del PFI","Consolidar en un informe público los resultados alcanzados por las metas del PFI.","Informe anual de resultados publicado","En progreso",,"Sin indicador numérico",,,,,,,,,,,,,,,,,,,
"Simplificación, Normalización Y Mejora De Los Procesos","Optimizar el desempeño de los procesos","Optimizar los plazos de los procesos del ciclo de la obra pública",,"Plazo de emisión de certificados de capacidad técnico financiera","En progreso","Registro de certificados","Por períodos","Días promedio de emisión","días",,,,"Suma de (fecha de emisión - fecha de solicitud) / certificados emitidos en el período","Menor es mejor","Promedio","Incremental","Trimestral",2026,1,4,27,27,25,21,,
,,,,"Plazo de pago de certificados de obra","En progreso","Sistema contable","Por períodos","Días promedio de pago","días",,,,,"Menor es mejor","Promedio","Incremental","Bimestral",2026,1,6,45,45,40,40,35,30
"Aprendizaje Y Crecimiento","Fortalecer las capacidades de liderazgo de los equipos del MISP","Desarrollar un programa de formación en liderazgo para mandos medios","Diseñar e implementar un programa de formación en liderazgo para mandos medios del MISP, sus empresas, entes y organismos.","Mandos medios que completaron el programa","En progreso","Campus virtual","Valor acumulado","Mandos medios formados","personas",150,,"Semestral",,,,,,,,,,,,,,
,,,,"Satisfacción de participantes con el programa","En progreso","Encuesta de cierre","Por períodos","Satisfacción promedio","%",,,,,"Mayor es mejor","Promedio","Incremental","Semestral",2026,7,2,80,85,,,,
,,"Incorporar la formación en liderazgo al plan anual de capacitación","Incluir el programa de liderazgo en la planificación anual de capacitación del MISP.",,,,,,,,,,,,,,,,,,,,,,,
