"N° Eje",Eje,"Objetivo Estrategico",Objetivo
1,"Integridad, Transparencia Y Gobierno Abierto","Afianzar la cultura de la integridad, la transparencia y el Gobierno Abierto en las obras y los servicios públicos","Contribuir a la incorporación de la perspectiva de integridad, transparencia y gobierno abierto en la Obra Pública en el ámbito municipal"
1,"Integridad, Transparencia Y Gobierno Abierto","Afianzar la cultura de la integridad, la transparencia y el Gobierno Abierto en las obras y los servicios públicos","Impulsar la adopción de un Código de Ética del Ministerio de Infraestructura y Servicios Públicos"
1,"Integridad, Transparencia Y Gobierno Abierto","Afianzar la cultura de la integridad, la transparencia y el Gobierno Abierto en las obras y los servicios públicos","Institucionalizar las políticas de Integridad, Transparencia y Gobierno Abierto en el MISP, sus empresas, entes y organismos"
1,"Integridad, Transparencia Y Gobierno Abierto","Afianzar la cultura de la integridad, la transparencia y el Gobierno Abierto en las obras y los servicios públicos","Promover el desarrollo de políticas de integridad y derechos humanos en el sector privado"
1,"Integridad, Transparencia Y Gobierno Abierto","Afianzar la cultura de la integridad, la transparencia y el Gobierno Abierto en las obras y los servicios públicos","Reconocer y visibilizar experiencias innovadoras sobre integridad, transparencia y Gobierno Abierto"
1,"Integridad, Transparencia Y Gobierno Abierto","Afianzar la cultura de la integridad, la transparencia y el Gobierno Abierto en las obras y los servicios públicos","Fomentar una cultura institucional que incorpore como principio la perspectiva de género y diversidad"
1,"Integridad, Transparencia Y Gobierno Abierto","Afianzar una cultura de la integridad y la transparencia en el MISP, sus empresas, entes y organismos","Asegurar el conocimiento y la adhesión formal al Código de Ética del MISP"
1,"Integridad, Transparencia Y Gobierno Abierto","Afianzar una cultura de la integridad y la transparencia en el MISP, sus empresas, entes y organismos","Controlar el cumplimiento de las herramientas de control patrimonial"
1,"Integridad, Transparencia Y Gobierno Abierto","Afianzar una cultura de la integridad y la transparencia en el MISP, sus empresas, entes y organismos","Impulsar la formación continua e integral en Integridad, Transparencia y Gobierno Abierto"
1,"Integridad, Transparencia Y Gobierno Abierto","Afianzar una cultura de la integridad y la transparencia en el MISP, sus empresas, entes y organismos","Promover el cumplimiento de las herramientas de control patrimonial"
1,"Integridad, Transparencia Y Gobierno Abierto","Consolidar espacios de participación plural con actores relevantes, la ciudadanía y los gobiernos locales","Desarrollar experiencias participativas de obras con control ciudadano en territorio"
1,"Integridad, Transparencia Y Gobierno Abierto","Consolidar espacios de participación plural con actores relevantes, la ciudadanía y los gobiernos locales","Contribuir al desarrollo de experiencias participativas en el territorio sobre la planificación estratégica"
1,"Integridad, Transparencia Y Gobierno Abierto","Consolidar espacios de participación y control ciudadano en la gestión del MISP, sus empresas, entes y organismos","Asegurar la participación temprana en las decisiones de los espacios de diálogo con perspectiva de género y diversidad"
1,"Integridad, Transparencia Y Gobierno Abierto","Consolidar espacios de participación y control ciudadano en la gestión del MISP, sus empresas, entes y organismos","Brindar soporte tecnológico a las iniciativas de participación y control ciudadano"
1,"Integridad, Transparencia Y Gobierno Abierto","Consolidar espacios de participación y control ciudadano en la gestión del MISP, sus empresas, entes y organismos","Desarrollar experiencias participativas de obras con control ciudadano en territorio"
1,"Integridad, Transparencia Y Gobierno Abierto","Consolidar espacios de participación y control ciudadano en la gestión del MISP, sus empresas, entes y organismos","Fortalecer la construcción colectiva de políticas"
1,"Integridad, Transparencia Y Gobierno Abierto","Consolidar espacios de participación y control ciudadano en la gestión del MISP, sus empresas, entes y organismos","Fortalecer la construcción colectiva de políticas públicas"
1,"Integridad, Transparencia Y Gobierno Abierto","Consolidar espacios de participación y control ciudadano en la gestión del MISP, sus empresas, entes y organismos","Fortalecer la planificación estratégica de la infraestructura pública provincial mediante procesos de participación ciudadana multiactorales y territoriales"
1,"Integridad, Transparencia Y Gobierno Abierto","Consolidar espacios de participación y control ciudadano en la gestión del MISP, sus empresas, entes y organismos","Impulsar espacios de intercambio y trabajo colaborativo"
1,"Integridad, Transparencia Y Gobierno Abierto","Consolidar espacios de participación y control ciudadano en la gestión del MISP, sus empresas, entes y organismos","Incorporar la perspectiva de género y diversidad en el Kit Municipal"
1,"Integridad, Transparencia Y Gobierno Abierto","Consolidar espacios de participación y control ciudadano en la gestión del MISP, sus empresas, entes y organismos","Contribuir al desarrollo de experiencias participativas en el territorio sobre la planificación estratégica"
1,"Integridad, Transparencia Y Gobierno Abierto","Garantizar y promover el derecho de acceso a la información pública del MISP, sus empresas, entes y organismos","Asegurar la disponibilidad de información de interés para la ciudadanía"
1,"Integridad, Transparencia Y Gobierno Abierto","Garantizar y promover el derecho de acceso a la información pública del MISP, sus empresas, entes y organismos","Fortalecer la transparencia y el acceso a la información mediante herramientas digitales"
1,"Integridad, Transparencia Y Gobierno Abierto","Garantizar y promover el derecho de acceso a la información pública del MISP, sus empresas, entes y organismos","Garantizar el acceso a la información con perspectiva de género y diversidad"
1,"Integridad, Transparencia Y Gobierno Abierto","Garantizar y promover el derecho de acceso a la información pública del MISP, sus empresas, entes y organismos","Generar las condiciones para garantizar el acceso a la información"
1,"Integridad, Transparencia Y Gobierno Abierto","Garantizar y promover el derecho de acceso a la información pública del MISP, sus empresas, entes y organismos","Publicar información con datos abiertos"
1,"Integridad, Transparencia Y Gobierno Abierto","Garantizar y promover el derecho de acceso a la información pública del MISP, sus empresas, entes y organismos","Simplificar y normalizar los procesos"
1,"Integridad, Transparencia Y Gobierno Abierto","Garantizar y promover el derecho de acceso a la información pública del MISP, sus empresas, entes y organismos","Optimizar la gestión de solicitudes de información"
1,"Integridad, Transparencia Y Gobierno Abierto","Promover y garantizar el acceso a la información pública en el MISP, empresas, entes y organismos descentralizados","Desarrollar un portal de gestión integral de personal"
2,"Desarrollo Sostenible","Fortalecer la gobernanza en materia de desarrollo sostenible","Contribuir al desarrollo de criterios para el desarrollo de información pública ambiental"
2,"Desarrollo Sostenible","Fortalecer la gobernanza en materia de desarrollo sostenible","Desarrollar experiencias participativas de obras con control ciudadano en territorio"
2,"Desarrollo Sostenible","Fortalecer la gobernanza en materia de desarrollo sostenible","Generar las condiciones habilitantes para la implementación de medidas que permitan disminuir la vulnerabilidad frente a los desafíos ambientales"
2,"Desarrollo Sostenible","Fortalecer la gobernanza en materia de desarrollo sostenible","Incorporar la perspectiva de desarrollo sostenible en el Código de Ética del MISP"
2,"Desarrollo Sostenible","Fortalecer la gobernanza en materia de desarrollo sostenible","Instalar al MISP como organismo promotor de la Infraestructura Sostenible y Resiliente"
2,"Desarrollo Sostenible","Fortalecer la gobernanza en materia de desarrollo sostenible","Promover la normalización de los procesos con perspectiva de sostenibilidad"
2,"Desarrollo Sostenible","Fortalecer la gobernanza en materia de desarrollo sostenible","Transversalizar la perspectiva de desarrollo sostenible en el proceso de diseño, implementación y ejecución de las políticas públicas del MISP, sus empresas, entes y organismos"
2,"Desarrollo Sostenible","Fortalecer las capacidades y la gobernanza en materia de desarrollo sostenible","Impulsar políticas que fomenten la inclusión con perspectiva de género, diversidad y sostenibilidad desde un enfoque de derechos humanos"
2,"Desarrollo Sostenible","Impulsar políticas de acción climática desde una perspectiva integral","Mejorar la eficiencia energética del ministerio mediante el uso de recursos tecnológicos sostenibles"
2,"Desarrollo Sostenible","Impulsar políticas de acción climática desde una perspectiva integral","Minimizar la vulnerabilidad asociada al impacto del cambio climático en los ambientes laborales vinculados al MISP"
2,"Desarrollo Sostenible","Impulsar políticas de acción climática desde una perspectiva integral","Planificar y asistir en los eventos de desastre o emergencia de manera coordinada e integrada, desde una perspectiva de gestión de riesgo de desastres"
2,"Desarrollo Sostenible","Impulsar políticas de acción climática desde una perspectiva integral","Proveer herramientas tecnológicas para fortalecer las políticas de sostenibilidad del MISP"
2,"Desarrollo Sostenible","Impulsar políticas de acción climática desde una perspectiva integral","Reducir la vulnerabilidad humana y los impactos de desastres en la infraestructura y los servicios públicos a causa de la crisis climática en el territorio"
2,"Desarrollo Sostenible","Promover el desarrollo de obras con una perspectiva de sostenibilidad","Desarrollar instrumentos de seguimiento y visibilización de las políticas de Desarrollo sostenible del MISP"
2,"Desarrollo Sostenible","Promover el desarrollo de obras y servicios públicos con una perspectiva de sostenibilidad","Facilitar a través de diversas herramientas la incorporación de la sostenibilidad en iniciativas y políticas del MISP"
2,"Desarrollo Sostenible","Promover el desarrollo de obras y servicios públicos con una perspectiva de sostenibilidad","Facilitar a través de diversas herramientas la incorporación de la sostenibilidad en iniciativas y políticas del MISP"
2,"Desarrollo Sostenible","Promover el desarrollo de obras y servicios públicos con una perspectiva de sostenibilidad","Implementar plataformas digitales que faciliten la participación y el control ciudadano sobre el impacto ambiental y climático de las obras públicas"
2,"Desarrollo Sostenible","Promover el desarrollo de obras y servicios públicos con una perspectiva de sostenibilidad","Institucionalizar las políticas para el desarrollo de obras y servicios públicos desde una perspectiva de sostenibilidad"
2,"Desarrollo Sostenible","Promover el desarrollo de obras y servicios públicos con una perspectiva de sostenibilidad","Promover la capacitación continua y el fortalecimiento de capacidades, habilidades y aptitudes del personal del MISP en temáticas de sostenibilidad"
2,"Desarrollo Sostenible","Promover el desarrollo de obras y servicios públicos con una perspectiva de sostenibilidad","Promover la formación continua e integral en Desarrollo Sostenible"
2,"Desarrollo Sostenible","Promover políticas de acción climática desde una perspectiva integral","Garantizar el bienestar de los trabajadores ante extremos climáticos"
2,"Desarrollo Sostenible","Promover políticas de acción climática desde una perspectiva integral","Garantizar el cumplimiento de normas de uso sostenible de los bienes y servicios en el Ministerio"
3,"Género Y Diversidad","Ampliar las posibilidades de inserción y sostenibilidad laboral de las mujeres y diversidades en el ecosistema del MISP","Contribuir con soluciones tecnológicas para promover la equidad entre los géneros en las obras y los servicios públicos"
3,"Género Y Diversidad","Ampliar las posibilidades de inserción y sostenibilidad laboral de las mujeres y diversidades en el ecosistema del MISP","Fomentar la inclusión y el desarrollo laboral inclusivo en los sectores de la Construcción, Agua y Saneamiento y Energía"
3,"Género Y Diversidad","Ampliar las posibilidades de inserción y sostenibilidad laboral de las mujeres y diversidades en el ecosistema del MISP","Garantizar la existencia y funcionamiento de mecanismos de prevención y abordaje de las violencias por motivo de género"
3,"Género Y Diversidad","Ampliar las posibilidades de inserción y sostenibilidad laboral de las mujeres y diversidades en el ecosistema del MISP","Incorporar criterios de género, diversidad, accesibilidad e inclusión en los espacios de trabajo del MISP"
3,"Género Y Diversidad","Ampliar las posibilidades de inserción y sostenibilidad laboral de las mujeres y diversidades en el ecosistema del MISP","Promover la inclusión de mujeres y diversidades y su desarrollo laboral en el ámbito del MISP, entes, empresas y organismos"
3,"Género Y Diversidad","Desarrollar alianzas estratégicas que fortalezcan la perspectiva de género y diversidad del MISP","Promover la inclusión de la perspectiva de cuidados en la Infraestructura y los Servicios Públicos"
3,"Género Y Diversidad","Desarrollar alianzas estratégicas que fortalezcan la perspectiva de género y diversidad del MISP","Promover la institucionalización de las alianzas estratégicas para el fortalecimiento de las políticas de género y diversidad"
3,"Género Y Diversidad","Promover el desarrollo de obras y la prestación de servicios públicos con perspectiva de género y diversidad","Desarrollar instrumentos de seguimiento y visibilización de las políticas de Infraestructura del Cuidado y Género del MISP"
3,"Género Y Diversidad","Promover el desarrollo de obras y la prestación de servicios públicos con perspectiva de género y diversidad","Implementar herramientas digitales que faciliten la participación y el control ciudadano sobre el impacto de las obras públicas en la brecha de género y diversidad"
3,"Género Y Diversidad","Promover el desarrollo de obras y la prestación de servicios públicos con perspectiva de género y diversidad","Impulsar políticas que fomenten la inclusión con perspectiva de género y de sostenibilidad desde un enfoque de derechos humanos"
3,"Género Y Diversidad","Promover el desarrollo de obras y la prestación de servicios públicos con perspectiva de género y diversidad","Incorporar la perspectiva de género y diversidad en el Código de Ética del MISP"
3,"Género Y Diversidad","Promover el desarrollo de obras y la prestación de servicios públicos con perspectiva de género y diversidad","Incorporar la perspectiva de género y diversidad en el Kit Municipal"
3,"Género Y Diversidad","Promover el desarrollo de obras y la prestación de servicios públicos con perspectiva de género y diversidad","Promover la formación continua e integral en Género y Diversidad"
3,"Género Y Diversidad","Promover el desarrollo de obras y la prestación de servicios públicos con perspectiva de género y diversidad","Promover la normalización de los procesos con perspectiva de género y diversidad"
3,"Género Y Diversidad","Promover el desarrollo de obras y la prestación de servicios públicos con perspectiva de género y diversidad","Transversalizar la perspectiva de género en el proceso de diseño, implementación y ejecución de las políticas públicas en el MISP, entes, empresas y organismos"
3,"Género Y Diversidad","Promover la igualdad de género, la inclusión y el respeto por la diversidad","Impulsar políticas que fomenten la inclusión con perspectiva de género y de sostenibilidad desde un enfoque de derechos humanos"
4,"Innovación Y Transformación Digital","Digitalizar los procesos críticos en la gestión de las obras y los servicios públicos, incorporando soluciones tecnológicas avanzadas y herramientas de Inteligencia Artificial en todas las etapas de su ciclo","Adoptar tecnologías avanzadas basadas en IA, Internet de las Cosas (IoT) y uso de imágenes para la automatización, predicción y optimización de los procesos"
4,"Innovación Y Transformación Digital","Digitalizar los procesos críticos en la gestión de las obras y los servicios públicos, incorporando soluciones tecnológicas avanzadas y herramientas de Inteligencia Artificial en todas las etapas de su ciclo","Desarrollar herramientas que brinden respaldo tecnológico para simplificar y normalizar los procesos de soporte"
4,"Innovación Y Transformación Digital","Digitalizar los procesos críticos en la gestión de las obras y los servicios públicos, incorporando soluciones tecnológicas avanzadas y herramientas de Inteligencia Artificial en todas las etapas de su ciclo","Desarrollar herramientas que brinden respaldo tecnológico para simplificar y normalizar los procesos del ciclo de la Obra Pública"
4,"Innovación Y Transformación Digital","Digitalizar los procesos críticos en la gestión de las obras y los servicios públicos, incorporando soluciones tecnológicas avanzadas y herramientas de Inteligencia Artificial en todas las etapas de su ciclo","Desarrollar sistemas y plataformas interoperables que posibiliten la trazabilidad de los procesos y promuevan la transparencia"
4,"Innovación Y Transformación Digital","Digitalizar los procesos críticos en la gestión de las obras y los servicios públicos, incorporando soluciones tecnológicas avanzadas y herramientas de Inteligencia Artificial en todas las etapas de su ciclo","Implementar herramientas que provean soporte tecnológico para la digitalización, simplificación y mejora de los procesos"
4,"Innovación Y Transformación Digital","Digitalizar los procesos críticos en la gestión de las obras y los servicios públicos, incorporando soluciones tecnológicas avanzadas y herramientas de Inteligencia Artificial en todas las etapas de su ciclo","Implementar plataformas digitales que faciliten la participación y el control ciudadano sobre el impacto ambiental y climático de las obras"
4,"Innovación Y Transformación Digital","Digitalizar los procesos críticos en la gestión de las obras y los servicios públicos, incorporando soluciones tecnológicas avanzadas y herramientas de Inteligencia Artificial en todas las etapas de su ciclo","Institucionalizar la política de Innovación y Transformación Digital en el MISP, sus empresas, entes y organismos"
4,"Innovación Y Transformación Digital","Digitalizar los procesos críticos en la gestión de las obras y los servicios públicos, incorporando soluciones tecnológicas avanzadas y herramientas de Inteligencia Artificial en todas las etapas de su ciclo","Mejorar la eficiencia energética del ministerio mediante el uso de recursos tecnológicos sostenibles"
4,"Innovación Y Transformación Digital","Digitalizar los procesos críticos en la gestión de las obras y los servicios públicos, incorporando soluciones tecnológicas avanzadas y herramientas de Inteligencia Artificial en todas las etapas de su ciclo","Promover la digitalización de los procesos en los municipios"
4,"Innovación Y Transformación Digital","Potenciar la innovación y la transformación digital mediante la implementación de una estrategia integral de gobernanza de datos","Contribuir a la incorporación de la participación ciudadana en el desarrollo de iniciativas innovadoras"
4,"Innovación Y Transformación Digital","Potenciar la innovación y la transformación digital mediante la implementación de una estrategia integral de gobernanza de datos","Contribuir a la incorporación de la perspectiva de integridad y participación ciudadana en el desarrollo de iniciativas innovadoras"
4,"Innovación Y Transformación Digital","Potenciar la innovación y la transformación digital mediante la implementación de una estrategia integral de gobernanza de datos","Establecer políticas y procedimientos para garantizar la calidad y consistencia de los datos en el MISP, sus empresas, entes y organismos"
4,"Innovación Y Transformación Digital","Potenciar la innovación y la transformación digital mediante la implementación de una estrategia integral de gobernanza de datos para optimizar la toma de decisiones en la Obra Pública","Contribuir con soluciones tecnológicas para promover la equidad entre los géneros en la Obra y Servicios Públicos"
4,"Innovación Y Transformación Digital","Potenciar la innovación y la transformación digital mediante la implementación de una estrategia integral de gobernanza de datos para optimizar la toma de decisiones en la Obra Pública","Implementar herramientas digitales para promover el seguimiento de la gestión"
4,"Innovación Y Transformación Digital","Potenciar la innovación y la transformación digital mediante la implementación de una estrategia integral de gobernanza de datos para optimizar la toma de decisiones en la Obra Pública","Implementar herramientas digitales que fortalezcan la planificación estratégica basada en evidencia"
4,"Innovación Y Transformación Digital","Potenciar la innovación y la transformación digital mediante la implementación de una estrategia integral de gobernanza de datos para optimizar la toma de decisiones en la Obra Pública","Transversalizar la perspectiva de género en los sistemas de gestión de obras"
4,"Innovación Y Transformación Digital","Promover la investigación, el desarrollo y la evaluación de tecnologías de IA junto a otros actores de la obra pública","Establecer un entorno colaborativo para la innovación basada en IA"
4,"Innovación Y Transformación Digital","Promover la investigación, la experimentación, el desarrollo y la evaluación de nuevas tecnologías junto a otros actores de la Obra Pública","Impulsar el uso de herramientas de IA en la gestión diaria del personal"
4,"Innovación Y Transformación Digital","Promover la investigación, la experimentación, el desarrollo y la evaluación de nuevas tecnologías junto a otros actores de la Obra Pública","Desarrollar capacitaciones implementadas a través del Laboratorio InfraInnova sobre temáticas vinculadas al uso de IA"
5,"Planeamiento, Monitoreo Y Evaluación","Consolidar el Monitoreo como herramienta de seguimiento de la gestión por resultados","Desarrollar herramientas que posibiliten el monitoreo de las políticas con perspectiva de sostenibilidad"
5,"Planeamiento, Monitoreo Y Evaluación","Consolidar el Monitoreo como herramienta de seguimiento de la gestión por resultados","Desarrollar un tablero con información sobre las brechas de infraestructura de la PBA"
5,"Planeamiento, Monitoreo Y Evaluación","Consolidar el Monitoreo como herramienta de seguimiento de la gestión por resultados","Impulsar el desarrollo e implementación de tableros para el monitoreo y evaluación de planes estratégicos/operativos en las áreas/procesos críticos de la gestión"
5,"Planeamiento, Monitoreo Y Evaluación","Consolidar el Monitoreo como herramienta de seguimiento de la gestión por resultados","Impulsar la incorporación de tableros que permitan la toma de decisiones basadas en evidencia"
5,"Planeamiento, Monitoreo Y Evaluación","Consolidar el Monitoreo como herramienta de seguimiento de la gestión por resultados","Promover el seguimiento y análisis de la gestión del personal"
5,"Planeamiento, Monitoreo Y Evaluación","Consolidar el Monitoreo como herramienta de seguimiento de la gestión por resultados","Garantizar el monitoreo de los planes operativos de los ejes del PFI"
5,"Planeamiento, Monitoreo Y Evaluación","Consolidar el Monitoreo como herramienta de seguimiento de la gestión por resultados","Institucionalizar el Monitoreo como herramienta de seguimiento de la gestión por resultados"
5,"Planeamiento, Monitoreo Y Evaluación","Consolidar el Monitoreo y la Evaluación como herramienta de seguimiento de la gestión por resultados","Garantizar el monitoreo de los planes operativos de los ejes del PFI"
5,"Planeamiento, Monitoreo Y Evaluación","Consolidar el Monitoreo y la Evaluación como herramienta de seguimiento de la gestión por resultados","Impulsar la utilización de tableros que permitan la toma de decisiones basadas en evidencia"
5,"Planeamiento, Monitoreo Y Evaluación","Consolidar el Monitoreo y la Evaluación como herramienta de seguimiento de la gestión por resultados","Institucionalizar el Monitoreo como herramienta de seguimiento de la gestión por resultados"
5,"Planeamiento, Monitoreo Y Evaluación","Fortalecer el planeamiento de los procesos del MISP, entes, empresas y organismos","Consolidar el Monitoreo como herramienta de seguimiento de la gestión por resultados"
5,"Planeamiento, Monitoreo Y Evaluación","Fortalecer el planeamiento de los procesos del MISP, entes, empresas y organismos","Desarrollar herramientas que posibiliten el enfoque de brechas de infraestructura del cuidado para priorizar la inversión pública"
5,"Planeamiento, Monitoreo Y Evaluación","Fortalecer el planeamiento de los procesos del MISP, entes, empresas y organismos","Desarrollar herramientas que posibiliten el enfoque de brechas de infraestructura para priorizar la inversión pública"
5,"Planeamiento, Monitoreo Y Evaluación","Fortalecer el planeamiento de los procesos del MISP, entes, empresas y organismos","Desarrollar herramientas que posibiliten la planificación estratégica territorial"
5,"Planeamiento, Monitoreo Y Evaluación","Fortalecer el planeamiento de los procesos del MISP, entes, empresas y organismos","Desarrollar un Plan Estratégico contemplando los lineamientos y el modelo de gestión promovido por el PFI"
5,"Planeamiento, Monitoreo Y Evaluación","Fortalecer el planeamiento de los procesos del MISP, entes, empresas y organismos","Desarrollar un tablero con información sobre las brechas de infraestructura de la PBA"
5,"Planeamiento, Monitoreo Y Evaluación","Fortalecer el planeamiento de los procesos del MISP, entes, empresas y organismos","Impulsar el desarrollo e implementación de planes estratégicos y operativos"
5,"Planeamiento, Monitoreo Y Evaluación","Fortalecer el planeamiento de los procesos del MISP, entes, empresas y organismos","Impulsar el desarrollo e implementación de planes estratégicos/operativos en las áreas/procesos críticos de la gestión"
5,"Planeamiento, Monitoreo Y Evaluación","Fortalecer el planeamiento de los procesos del MISP, entes, empresas y organismos","Impulsar el desarrollo e implementación de planes estratégicos/operativos en las áreas/procesos críticos de la gestión de la Obra Pública"
5,"Planeamiento, Monitoreo Y Evaluación","Fortalecer el planeamiento de los procesos del MISP, entes, empresas y organismos","Impulsar el desarrollo e implementación de planes estratégicos/operativos en las áreas/procesos críticos de la gestión de la Obra Pública"
5,"Planeamiento, Monitoreo Y Evaluación","Fortalecer el planeamiento de los procesos del MISP, entes, empresas y organismos","Promover la toma de decisiones basada en evidencia"
5,"Planeamiento, Monitoreo Y Evaluación","Fortalecer el planeamiento de los procesos del MISP, entes, empresas y organismos","Sistematizar la documentación de todas acciones de este plan"
5,"Planeamiento, Monitoreo Y Evaluación","Fortalecer el planeamiento y la mejora de los procesos del MISP","Impulsar el desarrollo e implementación de planes estratégicos/operativos"
5,"Planeamiento, Monitoreo Y Evaluación","Promover la Evaluación como herramienta para retroalimentar el diseño de políticas, mejorar los niveles de transparencia y rendir cuentas","Impulsar el desarrollo e implementación de metodologías para la evaluación de la Obra Pública"
5,"Planeamiento, Monitoreo Y Evaluación","Promover la Evaluación como herramienta para retroalimentar el diseño de políticas, mejorar los niveles de transparencia y rendir cuentas","Evaluar el impacto de las obras públicas ejecutadas por el MISP"
6,"Simplificación, Normalización Y Mejora De Los Procesos","Impulsar un modelo de gestión de calidad estatal y valor público","Implementar y certificar el Sistema de Gestión de la Calidad en los procesos del ciclo de la obra pública"
6,"Simplificación, Normalización Y Mejora De Los Procesos","Impulsar un modelo de gestión de calidad estatal y valor público","Institucionalizar el modelo de gestión de calidad estatal y valor público"
6,"Simplificación, Normalización Y Mejora De Los Procesos","Impulsar un modelo de gestión de calidad estatal y valor público","Incrementar la satisfacción de los clientes "
6,"Simplificación, Normalización Y Mejora De Los Procesos","Impulsar un modelo de gestión de calidad estatal y valor público","Mejorar la eficacia y la mejora continua del Sistema de Gestión de la Calidad"
6,"Simplificación, Normalización Y Mejora De Los Procesos","Optimizar el desempeño de los procesos","Analizar el enfoque ambiental y la perspectiva de sostenibilidad en la normativa relacionada con el MISP"
6,"Simplificación, Normalización Y Mejora De Los Procesos","Optimizar el desempeño de los procesos","Garantizar la gestión efectiva de los procesos"
6,"Simplificación, Normalización Y Mejora De Los Procesos","Optimizar el desempeño de los procesos","Optimizar los plazos de los procesos del ciclo de la obra pública"
6,"Simplificación, Normalización Y Mejora De Los Procesos","Optimizar el desempeño de los procesos","Optimizar los plazos de los procesos de gestión de personal"
6,"Simplificación, Normalización Y Mejora De Los Procesos","Optimizar el desempeño de los procesos","Optimizar los plazos para la obtención de las Evaluaciones de Impacto Ambiental"
6,"Simplificación, Normalización Y Mejora De Los Procesos","Optimizar el desempeño de los procesos","Optimizar los plazos de los procesos de soporte"
6,"Simplificación, Normalización Y Mejora De Los Procesos","Optimizar el desempeño de los procesos","Optimizar los plazos de mantenimiento"
6,"Simplificación, Normalización Y Mejora De Los Procesos","Promover la eficacia, eficiencia y la transparencia de los procesos","Afianzar la normalización de los procesos de gestión con perspectiva de género y diversidad"
6,"Simplificación, Normalización Y Mejora De Los Procesos","Promover la eficacia, eficiencia y la transparencia de los procesos","Desarrollar herramientas que brinden respaldo tecnológico para simplificar y normalizar los procesos de soporte"
6,"Simplificación, Normalización Y Mejora De Los Procesos","Promover la eficacia, eficiencia y la transparencia de los procesos","Desarrollar herramientas que brinden respaldo tecnológico para simplificar y normalizar los procesos del ciclo de la Obra Pública"
6,"Simplificación, Normalización Y Mejora De Los Procesos","Promover la eficacia, eficiencia y la transparencia de los procesos","Estandarizar y documentar los procesos críticos de gestión vinculados a la innovación y la transformación digital"
6,"Simplificación, Normalización Y Mejora De Los Procesos","Promover la eficacia, eficiencia y la transparencia de los procesos","Facilitar el seguimiento de las solicitudes de información"
6,"Simplificación, Normalización Y Mejora De Los Procesos","Promover la eficacia, eficiencia y la transparencia de los procesos","Mejorar el desempeño y la eficiencia en el seguimiento de los procesos"
6,"Simplificación, Normalización Y Mejora De Los Procesos","Promover la eficacia, eficiencia y la transparencia de los procesos","Normalizar el proceso de evaluación de la obra publica"
6,"Simplificación, Normalización Y Mejora De Los Procesos","Promover la eficacia, eficiencia y la transparencia de los procesos","Normalizar el proceso de planificación y monitoreo del PEI"
6,"Simplificación, Normalización Y Mejora De Los Procesos","Promover la eficacia, eficiencia y la transparencia de los procesos","Normalizar el proceso de planificación, monitoreo y evaluación el PFI"
6,"Simplificación, Normalización Y Mejora De Los Procesos","Promover la eficacia, eficiencia y la transparencia de los procesos","Normalizar la gestión de trámites de personal"
6,"Simplificación, Normalización Y Mejora De Los Procesos","Promover la eficacia, eficiencia y la transparencia de los procesos","Optimizar la gestión de solicitudes de información"
6,"Simplificación, Normalización Y Mejora De Los Procesos","Promover la eficacia, eficiencia y la transparencia de los procesos","Promover la normalización de los procesos de gestión con perspectiva de sostenibilidad"
6,"Simplificación, Normalización Y Mejora De Los Procesos","Promover la eficacia, eficiencia y la transparencia de los procesos","Simplificar y normalizar los procesos"
6,"Simplificación, Normalización Y Mejora De Los Procesos","Promover la eficacia, eficiencia y la transparencia de los procesos","Simplificar y normalizar los procesos de gestión de personal"
6,"Simplificación, Normalización Y Mejora De Los Procesos","Promover la eficacia, eficiencia y la transparencia de los procesos","Simplificar y normalizar los procesos de gestión patrimonial"
6,"Simplificación, Normalización Y Mejora De Los Procesos","Promover la eficacia, eficiencia y transparencia de los procesos","Simplificar y actualizar el marco normativo de la Obra Pública"
6,"Simplificación, Normalización Y Mejora De Los Procesos","Promover la eficacia, eficiencia y transparencia de los procesos","Simplificar y normalizar los procedimientos de los ejes transversales"
6,"Simplificación, Normalización Y Mejora De Los Procesos","Promover la eficacia, eficiencia y transparencia de los procesos","Simplificar y normalizar los procesos de soporte"
6,"Simplificación, Normalización Y Mejora De Los Procesos","Promover la eficacia, eficiencia y transparencia de los procesos","Simplificar y normalizar los procesos del ciclo de la obra pública"
6,"Simplificación, Normalización Y Mejora De Los Procesos","Promover la eficacia, eficiencia y transparencia de los procesos","Simplificar y normalizar los procesos estratégicos de Planeamiento, Monitoreo y Evaluación"
6,"Simplificación, Normalización Y Mejora De Los Procesos","Promover la eficacia, eficiencia y transparencia de los procesos","Simplificar y normalizar los trámites del MISP, entes, empresas y organismos"
7,"Aprendizaje Y Crecimiento","Fortalecer la participación y la comunicación entre los equipos y los diversos actores del ecosistema de la Obra Pública, fomentando la cohesión y eficiencia organizacional del MISP, sus empresas, entes y organismos","Promover el intercambio de información, el diálogo y la implementación de iniciativas conjuntas"
7,"Aprendizaje Y Crecimiento","Fortalecer la participación y la comunicación entre los equipos y los diversos actores del ecosistema de la Obra Pública, fomentando la cohesión y eficiencia organizacional del MISP, sus empresas, entes y organismos","Desarrollar canales de comunicación y sistemas que faciliten el flujo de información y la colaboración entre equipos del MISP"
7,"Aprendizaje Y Crecimiento","Fortalecer la participación y la comunicación entre los equipos y los diversos actores del ecosistema de la Obra Pública, fomentando la cohesión y eficiencia organizacional del MISP, sus empresas, entes y organismos","Impulsar soluciones tecnológicas con los ministerios y organismos de la Administración Pública Provincial, potenciando la innovación y transformación digital en la Provincia de Buenos Aires"
7,"Aprendizaje Y Crecimiento","Fortalecer la participación y la comunicación entre los equipos y los diversos actores del ecosistema de la Obra Pública, fomentando la cohesión y eficiencia organizacional del MISP, sus empresas, entes y organismos","Impulsar soluciones tecnológicas con los ministerios y organismos de la Administración Pública Provincial, potenciando la innovación y transformación digital en la Provincia de Buenos Aires"
7,"Aprendizaje Y Crecimiento","Fortalecer la participación y la comunicación entre los equipos y los diversos actores del ecosistema de la Obra Pública, fomentando la cohesión y eficiencia organizacional del MISP, sus empresas, entes y organismos","Promover el intercambio de información, el diálogo y la implementación de iniciativas conjuntas con las áreas del Ministerio, sus organismos y empresas"
7,"Aprendizaje Y Crecimiento","Garantizar las condiciones necesarias para fortalecer la capacidad operativa y el funcionamiento de espacios seguros para el desarrollo organizacional","Garantizar el funcionamiento de espacios de trabajo adecuados"
7,"Aprendizaje Y Crecimiento","Garantizar las condiciones necesarias para fortalecer la capacidad operativa y el funcionamiento de espacios seguros para el desarrollo organizacional","Garantizar el funcionamiento de espacios de trabajo adecuados y seguros"
7,"Aprendizaje Y Crecimiento","Garantizar las condiciones necesarias para fortalecer la capacidad operativa y el funcionamiento de espacios seguros para el desarrollo organizacional","Garantizar la seguridad de los sistemas, datos y comunicaciones del MISP"
7,"Aprendizaje Y Crecimiento","Garantizar las condiciones necesarias para fortalecer la capacidad operativa y el funcionamiento de espacios seguros para el desarrollo organizacional","Poner en valor la infraestructura tecnológica del ministerio con herramientas que promuevan el desarrollo organizacional"
7,"Aprendizaje Y Crecimiento","Garantizar las condiciones necesarias para fortalecer la capacidad operativa y el funcionamiento de espacios seguros para el desarrollo organizacional","Propiciar una infraestructura que promueva la eficiencia operativa"
7,"Aprendizaje Y Crecimiento","Garantizar las condiciones necesarias para fortalecer la capacidad operativa y el funcionamiento de espacios seguros para el desarrollo organizacional","Readecuar y optimizar los espacios de trabajo con perspectiva de género y diversidad"
7,"Aprendizaje Y Crecimiento","Garantizar las condiciones necesarias para fortalecer la capacidad operativa y el funcionamiento de espacios seguros para el desarrollo organizacional","Consolidar el Equipo de Brigadistas del MISP"
7,"Aprendizaje Y Crecimiento","Garantizar las condiciones necesarias para fortalecer la capacidad operativa y el funcionamiento de espacios seguros para el desarrollo organizacional","Generar herramientas y articulaciones necesarias para integrar criterios de sostenibilidad en las acciones y políticas a emprender"
7,"Aprendizaje Y Crecimiento","Garantizar las condiciones necesarias para fortalecer la capacidad operativa y el funcionamiento de espacios seguros para el desarrollo organizacional","Readecuar y optimizar los espacios de trabajo con perspectiva de género y diversidad"
7,"Aprendizaje Y Crecimiento","Impulsar la mejora permanente de las relaciones laborales y el desarrollo del plan de carrera del personal","Fomentar un entorno laboral que valore y apoye al personal en cada etapa de su carrera consolidando una cultura organizacional positiva"
7,"Aprendizaje Y Crecimiento","Impulsar la mejora permanente de las relaciones laborales y el desarrollo del plan de carrera del personal","Optimizar la asignación del personal en función de los procesos"
7,"Aprendizaje Y Crecimiento","Impulsar la mejora permanente de las relaciones laborales y el desarrollo del plan de carrera del personal","Optimizar, transparentar y agilizar el modelo organizativo"
7,"Aprendizaje Y Crecimiento","Impulsar la mejora permanente de las relaciones laborales y el desarrollo del plan de carrera del personal","Promover el desarrollo de la carrera profesional y administrativa"
7,"Aprendizaje Y Crecimiento","Promover la formación continua e integral de los equipos de trabajo del MISP, sus empresas, entes y organismos y de otros actores de la Obra Pública","Desarrollar capacitaciones dirigidas a actores clave de las obras y los servicios públicos"
7,"Aprendizaje Y Crecimiento","Promover la formación continua e integral de los equipos de trabajo del MISP, sus empresas, entes y organismos y de otros actores de la Obra Pública","Fortalecer capacidades de actores clave para las obras y los servicios públicos"
7,"Aprendizaje Y Crecimiento","Promover la formación continua e integral de los equipos de trabajo del MISP, sus empresas, entes y organismos y de otros actores de la Obra Pública","Fortalecer las capacidades de gestión de los procesos"
7,"Aprendizaje Y Crecimiento","Promover la formación continua e integral de los equipos de trabajo del MISP, sus empresas, entes y organismos y de otros actores de la Obra Pública","Impulsar actividades formativas al interior del Ministerio"
7,"Aprendizaje Y Crecimiento","Promover la formación continua e integral de los equipos de trabajo del MISP, sus empresas, entes y organismos y de otros actores de la Obra Pública","Impulsar capacitaciones a Municipios"
7,"Aprendizaje Y Crecimiento","Promover la formación continua e integral de los equipos de trabajo del MISP, sus empresas, entes y organismos y de otros actores de la Obra Pública","Impulsar capacitaciones destinadas a municipios"
7,"Aprendizaje Y Crecimiento","Promover la formación continua e integral de los equipos de trabajo del MISP, sus empresas, entes y organismos y de otros actores de la Obra Pública","Impulsar la capacitación como herramienta de transformación del modelo de gestión"
7,"Aprendizaje Y Crecimiento","Promover la formación continua e integral de los equipos de trabajo del MISP, sus empresas, entes y organismos y de otros actores de la Obra Pública","Impulsar la capacitación continua del personal del MISP"
7,"Aprendizaje Y Crecimiento","Promover la formación continua e integral de los equipos de trabajo del MISP, sus empresas, entes y organismos y de otros actores de la Obra Pública","Impulsar la capacitación continua del personal del MISP, entes, empresas y organismos"
7,"Aprendizaje Y Crecimiento","Promover la formación continua e integral de los equipos de trabajo del MISP, sus empresas, entes y organismos y de otros actores de la Obra Pública","Impulsar la capacitación continua del personal del MISP, entes, empresas y organismos"
7,"Aprendizaje Y Crecimiento","Promover la formación continua e integral de los equipos de trabajo del MISP, sus empresas, entes y organismos y de otros actores de la Obra Pública","Impulsar la capacitación permanente tanto interna como externa"
7,"Aprendizaje Y Crecimiento","Promover la formación continua e integral de los equipos de trabajo del MISP, sus empresas, entes y organismos y de otros actores de la Obra Pública","Incentivar el desarrollo de integridad en el sector privado"
7,"Aprendizaje Y Crecimiento","Promover la formación continua e integral de los equipos de trabajo del MISP, sus empresas, entes y organismos y de otros actores de la Obra Pública","Promover el desarrollo de las competencias técnico- profesionales para la ejecución de las tareas inherentes al puesto de trabajo de los equipos del MISP"
7,"Aprendizaje Y Crecimiento","Promover la formación continua e integral de los equipos de trabajo del MISP, sus empresas, entes y organismos y de otros actores de la Obra Pública","Promover el desarrollo del personal mediante el desarrollo de soluciones tecnológicas de capacitación"
7,"Aprendizaje Y Crecimiento","Promover la formación continua e integral de los equipos de trabajo del MISP, sus empresas, entes y organismos y de otros actores de la Obra Pública","Promover la formación en competencias digitales para el personal del MISP, sus empresas, entes y organismos, y para los gobiernos municipales"
7,"Aprendizaje Y Crecimiento","Promover la participación y comunicación para fortalecer la cohesión y eficiencia organizacional del MISP, Entes, empresas y organismos","Generar espacios de intercambio y trabajo colaborativos entre el MISP, entes, empresas y organismos"
7,"Aprendizaje Y Crecimiento","Promover la participación y comunicación para fortalecer la cohesión y eficiencia organizacional del MISP, Entes, empresas y organismos","Impulsar la red de áreas de Monitoreo y Evaluación"
7,"Aprendizaje Y Crecimiento","Promover la participación y la comunicación entre los equipos y los diversos actores de la Obra Pública, fomentando la cohesión y eficiencia organizacional del MISP, sus empresas, entes y organismos","Generar e impulsar espacios de intercambio y trabajo colaborativo entre el MISP, Entes, empresas y organismos"
7,"Aprendizaje Y Crecimiento","Promover la participación y la comunicación entre los equipos y los diversos actores de la Obra Pública, fomentando la cohesión y eficiencia organizacional del MISP, sus empresas, entes y organismos","Generar espacios de intercambio y trabajo colaborativo"
7,"Aprendizaje Y Crecimiento","Promover la participación y la comunicación entre los equipos y los diversos actores de la Obra Pública, fomentando la cohesión y eficiencia organizacional del MISP, sus empresas, entes y organismos","Impulsar políticas que fomenten la seguridad en el ámbito laboral"
7,"Aprendizaje Y Crecimiento","Promover la participación y la comunicación entre los equipos y los diversos actores de la Obra Pública, fomentando la cohesión y eficiencia organizacional del MISP, sus empresas, entes y organismos","Mejorar la efectividad de la comunicación interna"
7,"Aprendizaje Y Crecimiento","Promover la participación y la comunicación entre los equipos y los diversos actores de la Obra Pública, fomentando la cohesión y eficiencia organizacional del MISP, sus empresas, entes y organismos","Reconocer la trayectoria institucional"
7,"Aprendizaje Y Crecimiento","Promover la participación y la comunicación entre los equipos, fomentando la cohesión y eficiencia organizacional del MISP, sus empresas, entes y organismos","Difundir el Plan de integridad del MISP"
7,"Aprendizaje Y Crecimiento","Promover la participación y la comunicación entre los equipos, fomentando la cohesión y eficiencia organizacional del MISP, sus empresas, entes y organismos","Sistematizar la documentación de todas acciones de este plan"
7,"Aprendizaje Y Crecimiento","Promover la participación y la comunicación para fortalecer la cohesión y eficiencia del MISP, entes empresas y organismos","Impulsar la comunicación interna para fortalecer la cohesión y eficiencia organizacional"
